{
  "schemaVersion": 1,
  "architectureId": "llama",
  "layerCount": 16,
  "provenance": {
    "method": "ablation",
    "sourceModel": "Llama-3.2-1B-Instruct-f16.gguf",
    "sourceParameterCount": 1235814432,
    "corpus": "wiki.test.raw",
    "builtAtUtc": "2026-04-29T19:11:25.8679099Z",
    "builderVersion": "LlamaSensitivityProfileBuilder/1.0.0.0"
  },
  "f16BaselinePerplexity": 13.82475158951108,
  "baselineContextSize": 512,
  "categories": {
    "attn_q.weight": {
      "deltaPplByType": {
        "Q2_K": 0.24457583405891015,
        "Q3_K": 0.12548530530598967,
        "Q4_K": 0.0420725699228619,
        "Q5_K": -0.014963402172378792,
        "Q6_K": 0.0009288526467052804,
        "Q8_0": -0.0029279573695344396,
        "IQ4_XS": 0.009369419735708817
      },
      "recommendedFloor": "Q2_K"
    },
    "attn_k.weight": {
      "deltaPplByType": {
        "Q2_K": 0.45681994106300117,
        "Q3_K": 0.19592376948146928,
        "Q4_K": 0.025890767542147586,
        "Q5_K": 0.0009800779253001934,
        "Q6_K": -0.007270341693287108,
        "Q8_0": -0.004045822455948311,
        "IQ4_XS": 0.05705185697789261
      },
      "recommendedFloor": "Q2_K"
    },
    "attn_v.weight": {
      "deltaPplByType": {
        "Q2_K": 0.7567308686809806,
        "Q3_K": 0.3204390637136054,
        "Q4_K": 0.011780818052789854,
        "Q5_K": -0.016090796447288724,
        "Q6_K": 0.00873198269179909,
        "Q8_0": 0.006787256551360699,
        "IQ4_XS": 0.17570525386176072
      },
      "recommendedFloor": "Q2_K"
    },
    "attn_output.weight": {
      "deltaPplByType": {
        "Q2_K": 1.2672256120632923,
        "Q3_K": 0.37916823723510973,
        "Q4_K": 0.0890907345355334,
        "Q5_K": -0.017687432624612143,
        "Q6_K": 0.005091246020064943,
        "Q8_0": 0.002531188565678022,
        "IQ4_XS": 0.04458756678506859
      },
      "recommendedFloor": "Q2_K"
    },
    "ffn_up": {
      "deltaPplByType": {
        "Q2_K": 2.4172376173934005,
        "Q3_K": 0.47205642109369883,
        "Q4_K": 0.12108533907837327,
        "Q5_K": 0.04228661168586889,
        "Q6_K": 0.025651022446764316,
        "Q8_0": -3.7084507397366906E-05,
        "IQ4_XS": 0.15554429773191636
      },
      "recommendedFloor": "Q2_K"
    },
    "ffn_gate": {
      "deltaPplByType": {
        "Q2_K": 1.3788716570874957,
        "Q3_K": 0.3347239977803511,
        "Q4_K": 0.09337126441039523,
        "Q5_K": 0.00543264366861429,
        "Q6_K": 0.0030497481139271088,
        "Q8_0": 0.0016193596179157055,
        "IQ4_XS": 0.10580787075070575
      },
      "recommendedFloor": "Q2_K"
    },
    "ffn_down": {
      "deltaPplByType": {
        "Q2_K": 2.2775128302255006,
        "Q3_K": 2.5244988375904462,
        "Q4_K": 0.13297608817827467,
        "Q5_K": 0.00523728037042126,
        "Q6_K": 0.043814615440952664,
        "Q8_0": 0.008962718285760118,
        "IQ4_XS": 0.2235780576699522
      },
      "recommendedFloor": "Q2_K"
    },
    "token_embd.weight": {
      "deltaPplByType": {
        "Q2_K": 2.2337705630902995,
        "Q3_K": 0.5027747214776159,
        "Q4_K": 0.12115764739279555,
        "Q5_K": 0.022586019378071143,
        "Q6_K": -0.005389364274440922,
        "Q8_0": -0.0041324581938368965,
        "IQ4_XS": 0.16787101687107864
      },
      "recommendedFloor": "Q2_K"
    }
  }
}