{
  "schemaVersion": 1,
  "architectureId": "llama",
  "layerCount": 16,
  "familyNotes": "Classical multi-head attention (no QK-norm). Per-Run 12 finding, imatrix-weighted MSE on attn_k/q is ~100\u00d7 lower than QK-norm architectures (Qwen3). Lacks the Q2_K cliff that ffn_down and attn_v exhibit on Qwen3 \u2014 ffn_down Q2_K is only +2.85 PPL on Llama-3.2-1B vs +3709 on Qwen3-1.7B. Tied embeddings: lm_head shares token_embd.weight, so output.weight is not a separate category in this profile.",
  "provenance": {
    "method": "ablation",
    "sourceModel": "Llama-3.2-1B-Instruct-f16.gguf",
    "sourceParameterCount": 1235814432,
    "corpus": "wiki.test.raw",
    "builtAtUtc": "2026-04-28T00:31:12.1287862Z",
    "builderVersion": "LlamaSensitivityProfileBuilder/1.0.0.0"
  },
  "f16BaselinePerplexity": 13.821729927480979,
  "baselineContextSize": 512,
  "categories": {
    "attn_q.weight": {
      "deltaPplByType": {
        "Q2_K": 0.2448139915799672,
        "Q3_K": 0.1260249710614545,
        "Q4_K": 0.04007665891359302,
        "Q5_K": -0.016362321172399774,
        "Q6_K": 0.00029559793354039243,
        "Q8_0": -0.004555331584352729,
        "IQ4_XS": 0.005525101438866642
      },
      "recommendedFloor": "Q2_K"
    },
    "attn_k.weight": {
      "deltaPplByType": {
        "Q2_K": 0.44654503804385115,
        "Q3_K": 0.194810438327071,
        "Q4_K": 0.028475879395747583,
        "Q5_K": 0.00697804552908643,
        "Q6_K": -0.006961598452100759,
        "Q8_0": -0.002513773750521864,
        "IQ4_XS": 0.05534682695609838
      },
      "recommendedFloor": "Q2_K"
    },
    "attn_v.weight": {
      "deltaPplByType": {
        "Q2_K": 0.7570326891687849,
        "Q3_K": 0.3214429225742741,
        "Q4_K": -0.005580180872691187,
        "Q5_K": -0.01999007970795219,
        "Q6_K": 0.008537390774229436,
        "Q8_0": 0.007161100430579381,
        "IQ4_XS": 0.17616274113834152
      },
      "recommendedFloor": "Q2_K"
    },
    "attn_output.weight": {
      "deltaPplByType": {
        "Q2_K": 1.2741364075799915,
        "Q3_K": 0.37898618048911636,
        "Q4_K": 0.0940588588142095,
        "Q5_K": -0.01090565879622396,
        "Q6_K": 0.004330537469293461,
        "Q8_0": 0.004747923204744708,
        "IQ4_XS": 0.042430959988401185
      },
      "recommendedFloor": "Q2_K"
    },
    "ffn_up": {
      "deltaPplByType": {
        "Q2_K": 2.485537912406377,
        "Q3_K": 0.4719877081510724,
        "Q4_K": 0.12773629702630274,
        "Q5_K": 0.050869405521396516,
        "Q6_K": 0.024684094112650712,
        "Q8_0": -0.00021341641550343127,
        "IQ4_XS": 0.16103560270674677
      },
      "recommendedFloor": "Q2_K"
    },
    "ffn_gate": {
      "deltaPplByType": {
        "Q2_K": 1.429938252299312,
        "Q3_K": 0.3305949483909032,
        "Q4_K": 0.09478272923379194,
        "Q5_K": 0.008352872619489915,
        "Q6_K": 0.004648077135305684,
        "Q8_0": 0.0011680443140384966,
        "IQ4_XS": 0.1050650452686348
      },
      "recommendedFloor": "Q2_K"
    },
    "ffn_down": {
      "deltaPplByType": {
        "Q2_K": 2.847295924964344,
        "Q3_K": 2.606432887654476,
        "Q4_K": 0.1072334597823339,
        "Q5_K": 0.02931116745419793,
        "Q6_K": 0.04720035343055251,
        "Q8_0": 0.008509260573646316,
        "IQ4_XS": 0.2285214830244655
      },
      "recommendedFloor": "Q2_K"
    },
    "token_embd.weight": {
      "deltaPplByType": {
        "Q2_K": 2.2365546258366447,
        "Q3_K": 0.5059627668395681,
        "Q4_K": -0.002423729414408271,
        "Q5_K": 0.02556016400638761,
        "Q6_K": -0.002423729414408271,
        "Q8_0": -0.0014220456823270666,
        "IQ4_XS": 0.17103043987084376
      },
      "recommendedFloor": "Q2_K"
    }
  }
}