{
  "schemaVersion": 1,
  "architectureId": "llama",
  "layerCount": 16,
  "provenance": {
    "method": "ablation",
    "sourceParameterCount": 1235814432,
    "builtAtUtc": "2026-04-29T18:34:55.7610694Z",
    "builderVersion": "DeriveFromDb"
  },
  "f16BaselinePerplexity": 13.82475158951108,
  "baselineContextSize": 512,
  "categories": {
    "token_embd.weight": {
      "deltaPplByType": {
        "IQ4_XS": 0.16787101687107864,
        "Q8_0": -0.0041324581938368965,
        "Q6_K": -0.005389364274440922,
        "Q5_K": 0.022586019378071143,
        "Q4_K": 0.12115764739279555,
        "Q3_K": 0.5027747214776159,
        "Q2_K": 2.2337705630902995
      },
      "recommendedFloor": "Q2_K"
    },
    "ffn_down": {
      "deltaPplByType": {
        "IQ4_XS": 0.2235780576699522,
        "Q8_0": 0.008962718285760118,
        "Q6_K": 0.043814615440952664,
        "Q4_K": 0.13297608817827467,
        "Q5_K": 0.00523728037042126,
        "Q3_K": 2.5244988375904462,
        "Q2_K": 2.2775128302255006
      },
      "recommendedFloor": "Q2_K"
    },
    "ffn_gate": {
      "deltaPplByType": {
        "IQ4_XS": 0.10580787075070575,
        "Q8_0": 0.0016193596179157055,
        "Q5_K": 0.00543264366861429,
        "Q6_K": 0.0030497481139271088,
        "Q4_K": 0.09337126441039523,
        "Q3_K": 0.3347239977803511,
        "Q2_K": 1.3788716570874957
      },
      "recommendedFloor": "Q2_K"
    },
    "ffn_up": {
      "deltaPplByType": {
        "IQ4_XS": 0.15554429773191636,
        "Q8_0": -3.7084507397366906E-05,
        "Q5_K": 0.04228661168586889,
        "Q4_K": 0.12108533907837327,
        "Q6_K": 0.025651022446764316,
        "Q2_K": 2.4172376173934005,
        "Q3_K": 0.47205642109369883
      },
      "recommendedFloor": "Q2_K"
    },
    "attn_output.weight": {
      "deltaPplByType": {
        "IQ4_XS": 0.04458756678506859,
        "Q6_K": 0.005091246020064943,
        "Q8_0": 0.002531188565678022,
        "Q5_K": -0.017687432624612143,
        "Q4_K": 0.0890907345355334,
        "Q3_K": 0.37916823723510973,
        "Q2_K": 1.2672256120632923
      },
      "recommendedFloor": "Q2_K"
    },
    "attn_v.weight": {
      "deltaPplByType": {
        "IQ4_XS": 0.17570525386176072,
        "Q8_0": 0.006787256551360699,
        "Q6_K": 0.00873198269179909,
        "Q5_K": -0.016090796447288724,
        "Q4_K": 0.011780818052789854,
        "Q3_K": 0.3204390637136054,
        "Q2_K": 0.7567308686809806
      },
      "recommendedFloor": "Q2_K"
    },
    "attn_k.weight": {
      "deltaPplByType": {
        "IQ4_XS": 0.05705185697789261,
        "Q8_0": -0.004045822455948311,
        "Q6_K": -0.007270341693287108,
        "Q5_K": 0.0009800779253001934,
        "Q4_K": 0.025890767542147586,
        "Q3_K": 0.19592376948146928,
        "Q2_K": 0.45681994106300117
      },
      "recommendedFloor": "Q2_K"
    },
    "attn_q.weight": {
      "deltaPplByType": {
        "IQ4_XS": 0.009369419735708817,
        "Q8_0": -0.0029279573695344396,
        "Q6_K": 0.0009288526467052804,
        "Q5_K": -0.014963402172378792,
        "Q4_K": 0.0420725699228619,
        "Q3_K": 0.12548530530598967,
        "Q2_K": 0.24457583405891015
      },
      "recommendedFloor": "Q2_K"
    }
  },
  "perTensor": {
    "blk.15.ffn_down.weight": {
      "deltaPplByType": {
        "IQ4_XS": 0.02077063448560068,
        "Q8_0": 0.0004916946129327471,
        "Q6_K": -0.000151935550107396,
        "Q5_K": 0.0039448533569022,
        "Q4_K": 0.021008580215699624,
        "Q3_K": 0.07819450234556413,
        "Q2_K": 0.17848414230151555
      }
    },
    "blk.14.ffn_down.weight": {
      "deltaPplByType": {
        "IQ4_XS": 0.01459289584522594,
        "Q8_0": -0.00018230724478840443,
        "Q6_K": 0.00036943870282613034,
        "Q5_K": 0.001787858575495349,
        "Q4_K": 0.01001387440185475,
        "Q3_K": 0.03838013013963604,
        "Q2_K": 0.12250682864074491
      }
    },
    "blk.13.ffn_down.weight": {
      "deltaPplByType": {
        "IQ4_XS": 0.003993315415520726,
        "Q8_0": 0.0004952287089654561,
        "Q6_K": 0.0023322838609587393,
        "Q5_K": 0.001920228330760665,
        "Q4_K": 0.008399380676401336,
        "Q3_K": 0.04520461432039191,
        "Q2_K": 0.1195050134875224
      }
    },
    "blk.12.ffn_down.weight": {
      "deltaPplByType": {
        "IQ4_XS": 0.012433091360767534,
        "Q8_0": 0.0005844777411354585,
        "Q6_K": -0.00011859533944935663,
        "Q5_K": 0.0010272108201352381,
        "Q4_K": 0.007268202200673812,
        "Q3_K": 0.02852133784213784,
        "Q2_K": 0.12557093213558623
      }
    },
    "blk.11.ffn_down.weight": {
      "deltaPplByType": {
        "IQ4_XS": 0.014107481248943898,
        "Q8_0": -0.0003165910743607725,
        "Q6_K": -0.0009196096846579849,
        "Q5_K": -0.0006297868365230386,
        "Q4_K": 0.013103412088312894,
        "Q3_K": 0.03979717701184171,
        "Q2_K": 0.13080833330975494
      }
    },
    "blk.10.ffn_down.weight": {
      "deltaPplByType": {
        "IQ4_XS": 0.01371714577532579,
        "Q8_0": 0.0003648066978261255,
        "Q6_K": 0.0002722439013993494,
        "Q5_K": 0.004434578837226866,
        "Q4_K": 0.013581653499928237,
        "Q3_K": 0.04774852530034934,
        "Q2_K": 0.15555255563621628
      }
    },
    "blk.9.ffn_down.weight": {
      "deltaPplByType": {
        "IQ4_XS": 0.01439043895254244,
        "Q8_0": -0.001414761229426631,
        "Q6_K": 0.0012694229531238221,
        "Q5_K": 0.001969191514211488,
        "Q4_K": 0.0010322668385942535,
        "Q3_K": 0.047841345469258556,
        "Q2_K": 0.15970213719088733
      }
    },
    "blk.8.ffn_down.weight": {
      "deltaPplByType": {
        "IQ4_XS": 0.017520558173620415,
        "Q8_0": -0.0013095224243819814,
        "Q6_K": 0.002006549250497258,
        "Q5_K": 0.004294273923807879,
        "Q4_K": 0.0035956080563988024,
        "Q3_K": 0.03651133477774238,
        "Q2_K": 0.12316205707503869
      }
    },
    "blk.7.ffn_down.weight": {
      "deltaPplByType": {
        "IQ4_XS": 0.014139687859220373,
        "Q8_0": -0.0020317582516380384,
        "Q6_K": 0.0006883428008208625,
        "Q5_K": -0.00010758969770741089,
        "Q4_K": 0.003751541371290301,
        "Q3_K": 0.028058627676422532,
        "Q2_K": 0.060505938806251436
      }
    },
    "blk.6.ffn_down.weight": {
      "deltaPplByType": {
        "IQ4_XS": 0.007993588005797747,
        "Q8_0": 2.6781583581936275E-05,
        "Q6_K": 0.0003069826282118271,
        "Q5_K": -0.004084342381101891,
        "Q4_K": 0.007603019046532822,
        "Q3_K": 0.049276528198953784,
        "Q2_K": 0.10448813218096298
      }
    },
    "blk.5.ffn_down.weight": {
      "deltaPplByType": {
        "IQ4_XS": 0.01768963542271429,
        "Q8_0": -0.0006413357807915077,
        "Q6_K": 0.0017437776787456727,
        "Q5_K": -0.0037921823807067767,
        "Q4_K": 0.007034339374383691,
        "Q3_K": 0.023666134429689123,
        "Q2_K": 0.054923136461804134
      }
    },
    "blk.4.ffn_down.weight": {
      "deltaPplByType": {
        "IQ4_XS": 0.008307608304191305,
        "Q8_0": -0.0011579755692849858,
        "Q6_K": 0.0003385513931046802,
        "Q5_K": 0.003506070115298243,
        "Q4_K": 0.009575071598629137,
        "Q3_K": 0.035498604334678774,
        "Q2_K": 0.12143856188632363
      }
    },
    "blk.3.ffn_down.weight": {
      "deltaPplByType": {
        "IQ4_XS": -0.011388122393437783,
        "Q8_0": -0.0028379782881948756,
        "Q6_K": -0.001297927143115274,
        "Q5_K": -0.012568560647126858,
        "Q4_K": 0.011163195560580874,
        "Q3_K": 0.02564051799651601,
        "Q2_K": 0.07945217587420927
      }
    },
    "blk.2.ffn_down.weight": {
      "deltaPplByType": {
        "IQ4_XS": -0.0201900618960984,
        "Q8_0": 0.003286528354987439,
        "Q6_K": -0.0028748534469169584,
        "Q5_K": -0.00411554636528777,
        "Q4_K": 0.004226311993283716,
        "Q3_K": 0.08281204105584195,